image_id,lat,lon,scene_type,difficulty,terrain,dist_to_water_km,water_pct,wetland_pct,urban_pct,forest_pct,agriculture_pct,open_vegetation_pct,bare_pct,snow_pct,vegetation_pct,cloud_category
PHISAT-2_L1_000001341_20241007065606_20241007065608_49BFC92E,20.3511,58.449,Coastline,Medium,Plain,0.0,67.62808921036769,0.0,0.0,0.0,0.0,0.0,32.37191078963231,0.0,0.0,clear
PHISAT-2_L1_000001389_20241019145238_20241019145244_2BFBAB43,-31.8813,-69.4538,Desert,Hard,Mountainous,15.658787868969636,0.0,0.0,0.0027296301351166,0.0,0.3466630271598198,0.548655657158455,99.1019516855466,0.0,0.8953186843182748,clear
PHISAT-2_L1_000001458_20241104065341_20241104065343_EA5FB0DB,20.5376,58.4834,Desert,Medium,Plain,6.327368963710721,9.388922335942205,0.123419626730885,0.0,0.0,0.0,0.0782661047561709,90.40939193257074,0.0,0.0782661047561709,clear
PHISAT-2_L1_000001466_20241107092209_20241107092215_E74D4190,-23.2193,15.2696,Desert,Medium,Plain,4432.181696095551,0.0,0.0,0.0,0.0,0.0,0.0,100.0,0.0,0.0,clear
PHISAT-2_L1_000001654_20250225170746_20250225170748_52409A0E,29.8323,-93.2903,Coastline,Extreme,Plain,0.0,62.9521180177919,31.085640982737942,0.4071502272790652,0.9648902646476476,0.2454056164421763,3.0090075016035023,1.3357873894977552,0.0,4.219303382693326,overcast
PHISAT-2_L1_000001703_20250305033258_20250305033300_92B57746,-5.9188,107.1624,Ocean,Extreme,Plain,0.0,97.2435405474546,0.6043745203376822,0.3453568687643898,0.3549501151189562,0.7322844717319007,0.6075722691225377,0.1119212074699411,0.0,1.6948068559733946,light
PHISAT-2_L1_000001714_20250306123846_20250306123850_79ACA313,1.1574,-30.0051,Mixed,Extreme,Plain,4618.098771044738,0.0,0.0,0.0,0.0,0.0,0.0,0.0,0.0,0.0,overcast
PHISAT-2_L1_000001715_20250306142240_20250306142242_4E050F9F,-34.2333,-58.1904,Ocean,Hard,Plain,0.0,85.27574750830564,8.762790697674419,0.0159468438538205,2.649833887043189,2.7906976744186047,0.5049833887043189,0.0,0.0,5.945514950166113,clear
PHISAT-2_L1_000001738_20250310045221_20250310045223_FC0DBE2B,26.0853,90.5884,Forest,Easy,Plain,1.7668066165025498,0.0635213951608246,0.4475371022694462,2.015360628284345,56.76502858462782,37.68839868337472,2.858462782237108,0.1616908240457354,0.0,97.31189005023964,clear
PHISAT-2_L1_000001801_20250320171242_20250320171245_EDAEBF97,30.0892,-91.2892,Forest,Easy,Plain,1.148653001464514,3.4934497816593884,0.3309876783578561,0.1140377715350596,91.21352877367674,2.483798292214836,2.3586348844324534,0.0055628181236614,0.0,96.05596195032405,clear
PHISAT-2_L1_000001842_20250325153429_20250325153432_FFE3B36B,10.3135,-71.6163,Ocean,Hard,Plain,0.0,100.0,0.0,0.0,0.0,0.0,0.0,0.0,0.0,0.0,clear
PHISAT-2_L1_000001925_20250404102230_20250404102233_559AF00E,42.2761,10.8638,Ocean,Hard,Plain,0.0,95.4713031895916,0.0,0.0237851723235734,1.4508955117379825,0.0,3.0064457816996883,0.0475703446471469,0.0,4.457341293437671,clear
PHISAT-2_L1_000001952_20250407093144_20250407093147_E8772CF3,-4.3859,15.3264,Urban,Medium,Hilly,4.099799278146889,4.859441612975607,0.91996025258839,57.64015770747187,18.373561560406447,10.388819437766452,7.574446260858416,0.243613167932814,0.0,36.33682725903132,moderate
PHISAT-2_L1_000001979_20250409133816_20250409133819_6C4A2EA2,-23.6224,-46.6623,Urban,Easy,Plain,3.5438259813283017,2.365034017612582,0.0,82.82331458192206,12.287573999352048,0.0736311960651488,2.35914352192737,0.0913026831207846,0.0,14.720348717344566,clear
PHISAT-2_L1_000001994_20250411062355_20250411062358_0ADC129F,28.525,68.1983,Agriculture,Easy,Plain,2.3908886649943444,0.6185567010309279,0.0,1.355740714588335,0.3502330179353198,92.75808501624064,1.7059737325236548,3.2114108176811187,0.0,94.81429176669964,clear
PHISAT-2_L1_000002011_20250413054135_20250413054138_C3849D48,28.5295,77.0727,Urban,Easy,Plain,2.1841977407066,0.2598356257237269,0.0056486005592114,52.45008049255797,22.936142570678115,14.864292371564945,7.427909735363064,2.0560906035529696,0.0,45.22834467760613,clear
PHISAT-2_L1_000002017_20250414035046_20250414035049_F80AD614,8.8106,105.6474,Ocean,Extreme,Plain,0.0,100.0,0.0,0.0,0.0,0.0,0.0,0.0,0.0,0.0,heavy
PHISAT-2_L1_000002033_20250415190704_20250415190707_385222E4,40.8941,-120.5339,Mixed,Medium,Mountainous,0.086901668006683,3.756895336686836,0.0,0.1603849238171611,3.273310490632062,11.5744453354718,77.63845350052247,3.596510412869675,0.0,92.48620932662634,clear
PHISAT-2_L1_000002047_20250417135150_20250417135153_098AA764,-1.0411,-48.5062,Ocean,Hard,Plain,0.0,99.97428727541542,0.0,0.0,0.0224986340115064,0.0,0.0032140905730723,0.0,0.0,0.0257127245845787,clear
PHISAT-2_L1_000002082_20250421090512_20250421090515_B6D6E925,44.9846,29.5596,Coastline,Easy,Plain,4.947634301329019,23.76307412460209,71.92360163710778,0.0591177808094588,2.71487039563438,0.0,1.1937244201909958,0.3456116416552979,0.0,3.908594815825375,clear
PHISAT-2_L1_000002096_20250422164258_20250422164301_FD7D0608,21.0478,-89.0999,Forest,Easy,Plain,10.737773960416565,0.0,0.0,0.4170166806672266,92.70670826833071,0.0120004800192007,6.86127445097804,0.0030001200048001,0.0,99.57998319932796,light
PHISAT-2_L1_000002141_20250428020618_20250428020621_CE482A87,-12.4747,127.0015,Mixed,Extreme,Plain,4565.1367072760695,0.0,0.0,0.0,0.0,0.0,0.0,0.0,0.0,0.0,overcast
PHISAT-2_L1_000002157_20250429172204_20250429172207_4DE81952,19.4122,-99.1313,Urban,Easy,Mountainous,4.617989083337911,0.0758035172832019,0.0,85.93996361431171,11.770770163735596,0.3547604608853851,1.5706488781079442,0.2880533656761674,0.0,13.696179502728926,clear
PHISAT-2_L1_000002183_20250502112429_20250502112432_32C16CA5,53.4422,-0.7287,Agriculture,Easy,Plain,2.0085513557855883,0.8903611228123923,0.0229770612338681,2.7572473480641824,10.529238310420098,64.70531918967563,21.068050396354305,0.0268065714395128,0.0,96.30260789645004,light
PHISAT-2_L1_000002189_20250503031358_20250503031401_C29260E3,38.8389,117.7345,Ocean,Hard,Plain,0.0,80.70210581666124,0.8162856498985902,4.139018954853895,0.0450709868042166,3.5255527455742794,3.575631619801188,7.196334226406591,0.0,7.146255352179683,clear
PHISAT-2_L1_000002196_20250504092703_20250504092710_E9F64A02,-23.9482,15.0505,Desert,Hard,Hilly,4420.158834618277,0.0,0.0,0.0,0.0,0.0,0.0499427127706454,99.95005728722936,0.0,0.0499427127706454,clear
PHISAT-2_L1_000002204_20250505090804_20250505090810_D7283D9D,-33.9801,18.3658,Coastline,Medium,Mountainous,0.1286187589593757,46.52663005811164,0.0293223863091112,9.535106893426454,20.754918163885485,0.1306179026496774,22.70885536066536,0.3145492349522845,0.0,43.59439142720052,clear
PHISAT-2_L1_000002245_20250512093403_20250512093406_38170AF4,8.0358,17.5985,Forest,Easy,Plain,10.204712146128944,0.0,0.0286478227654698,0.0381970970206264,49.77081741787624,4.373567608861727,45.788770053475936,0.0,0.0,99.93315508021392,clear
PHISAT-2_L1_000002257_20250514134149_20250514134152_317C940B,-21.3253,-47.8531,Agriculture,Easy,Hilly,0.430566079060462,0.2485625299472927,0.0029947292764734,2.9767609008145666,15.836128413991371,73.27204120747484,7.555701964542406,0.1078102539530426,0.0,96.66387158600864,light
PHISAT-2_L1_000002258_20250514181036_20250514181039_7101CEA6,35.1061,-106.727,Mountain,Medium,Mountainous,3.257436901309928,0.7889753839680201,0.0,39.42247001893541,3.802861350725857,0.7889753839680201,38.37050284031138,16.82621502209131,0.0,42.96233957500526,clear
PHISAT-2_L1_000002278_20250516143056_20250516143059_7F3C86F1,-14.319,-60.0499,Forest,Easy,Plain,1.1777344113805963,0.4641021647718423,0.7911540258526708,0.0093443388880236,43.75953901261486,24.799875408814824,30.11991901572964,0.056066033328142,0.0,98.67933343715931,clear
PHISAT-2_L1_000002288_20250517170344_20250517170347_4AD9A2A5,40.3696,-89.7873,Agriculture,Easy,Plain,10.627702183729776,0.0,0.0,0.7690423708057801,14.02155277981876,77.07812882684301,8.111682586333577,0.0195934361988733,0.0,99.21136419299536,clear
PHISAT-2_L1_000002297_20250518134743_20250518134746_59AD06AF,-16.3215,-49.5184,Mountain,Medium,Plateau,1.180361828794459,0.4103418486980131,0.0,4.337899543378995,24.879674194742687,36.09774157719363,34.21263729482907,0.0617055411575959,0.0,95.1900530667654,clear
PHISAT-2_L1_000002304_20250519065716_20250519065719_0322A118,23.1797,58.5544,Mountain,Hard,Mountainous,7.08245526798771,0.0354609929078014,0.0,0.2836879432624113,0.4757683215130023,0.0088652482269503,1.4804964539007093,97.71572104018912,0.0,1.965130023640662,clear
PHISAT-2_L1_000002313_20250520050137_20250520050140_2D9AAC8A,20.3542,86.1997,Agriculture,Medium,Plain,0.9706306493315956,3.30952165656931,0.0060282725984869,0.2953853573258583,28.33589534918769,62.70609156946077,2.218404316243181,3.1286734786147035,0.0,93.26039123489164,heavy
PHISAT-2_L1_000002324_20250521092605_20250521092608_9D9A58D7,10.3439,19.7404,Mixed,Extreme,Plain,2.195333359998758,0.1011953703118082,14.344443741698818,0.012649421288976,2.3812535576497376,5.828220858895705,77.33223705015496,0.0,0.0,85.5417114667004,overcast
PHISAT-2_L1_000002334_20250522091250_20250522091253_973071FD,-22.5303,18.9586,Mixed,Medium,Mountainous,5.518740468122431,0.1009591115598182,0.0,0.9383258603794876,0.2405202363630964,0.0,98.598449980699,0.1217448109986043,0.0,98.83897021706208,clear
PHISAT-2_L1_000002335_20250522135508_20250522135511_8654B9D0,-17.5194,-51.3108,Agriculture,Easy,Plateau,1.8908740507451176,0.0398504077003249,0.0,0.0766353994237017,12.74599963215008,79.17049843663784,7.908773220526026,0.0582429035620133,0.0,99.82527128931396,clear
PHISAT-2_L1_000002345_20250523133358_20250523133401_93E5A465,-20.2049,46.9246,Mountain,Medium,Mountainous,1.5278014419726638,0.3650515899354371,0.0,0.0512882399082845,0.3077294394497073,28.57056658420322,70.63899113015145,0.0663730163518976,0.0,99.51728715380438,clear
PHISAT-2_L1_000002355_20250524112241_20250524112244_17B5769B,36.0282,-5.437,Ocean,Extreme,Plain,0.0,81.3565931780366,0.0025998336106489,1.2531198003327786,12.078826955074875,0.0051996672212978,5.249064059900166,0.0545965058236272,0.0,17.33309068219634,light
PHISAT-2_L1_000002356_20250524145125_20250524145128_4C7DC7FD,-38.5197,-68.8186,Ocean,Hard,Plain,0.0,88.1841046277666,0.0,0.0050301810865191,0.0,0.0,9.300804828973844,2.510060362173038,0.0,9.300804828973844,clear
PHISAT-2_L1_000002375_20250526153508_20250526153511_C0BC45A2,-12.2635,-75.2578,Mountain,Hard,Mountainous,5.655300733534756,0.0094247745908077,0.0,0.4869466871917313,1.80641512990481,5.21190034871666,92.14916276585718,0.3361502937388081,0.0,99.16747824447866,light
PHISAT-2_L1_000002379_20250527010826_20250527010829_AADCE955,-35.2632,137.7238,Ocean,Hard,Plain,0.0,100.0,0.0,0.0,0.0,0.0,0.0,0.0,0.0,0.0,clear
PHISAT-2_L1_000002393_20250528175116_20250528175119_60940ECA,22.0291,-105.3864,Agriculture,Easy,Plain,0.7314804511336069,13.624985099535106,0.4946954344975562,0.8731672428179759,30.221122899034448,36.41673620216951,17.367981881034687,1.0013112409107163,0.0,84.00584098223865,clear
PHISAT-2_L1_000002397_20250529062609_20250529062612_DFC32348,27.467,65.7269,Mountain,Hard,Mountainous,4356.6763232824005,0.0,0.0,0.0,0.0,4.5750142612664,0.0598973188819167,95.36508841985167,0.0,4.634911580148317,clear
PHISAT-2_L1_000002402_20250529144028_20250529144031_A6CD068A,-54.4231,-69.1771,Coastline,Medium,Plain,0.0,55.37330739881799,0.0,0.0,18.934689907982342,0.0,14.13181716166679,6.590858083339568,4.9693274481933125,33.066507069649134,light
PHISAT-2_L1_000002414_20250530141002_20250530141005_82CAC440,-22.2797,-56.7575,Forest,Easy,Plain,3.004163445588888,0.1665823839129012,0.0475949668322574,0.0,41.34812743552369,0.960823392926198,57.45009965196181,0.0267721688431448,0.0,99.7590504804117,clear
PHISAT-2_L1_000002441_20250604055008_20250604055011_36C805A4,22.0656,74.729,Mixed,Medium,Plain,0.2716313275839147,5.938086583440097,0.0,0.5750379882608825,5.413699609689241,34.01960492208682,52.8677412627,1.1858296338229597,0.0,92.30104579447604,moderate
PHISAT-2_L1_000002446_20250604164934_20250604164937_81486AF7,30.6532,-88.0201,Coastline,Hard,Plain,0.0,55.05683232390276,7.8293094388672255,8.620260516054094,21.549268508531764,0.0995602754500954,5.879587377969524,0.9651815592245362,0.0,27.528416161951384,heavy
PHISAT-2_L1_000002460_20250605180145_20250605180148_A7F2868B,31.7495,-106.4564,Mountain,Medium,Mountainous,0.536891174086984,0.221420370674102,0.0,66.63386364878903,0.8501448799956263,0.2760920671368432,16.234760264611012,15.783718768793396,0.0,17.36099721174348,clear
PHISAT-2_L1_000002482_20250607141956_20250607141959_572FAACE,-11.4255,-57.5511,Forest,Easy,Plain,6.813031332849045,1.143775404102467,0.0,0.0220562750102404,38.5417651321801,22.85975359989917,37.41689510665785,0.0157544821501717,0.0,98.81841383873711,clear
PHISAT-2_L1_000002513_20250610064538_20250610064541_42DE5E7F,25.8862,62.9858,Desert,Hard,Hilly,7.539050997659618,0.0983284169124877,0.0,0.0,0.0,0.0,0.0289201226213199,99.8727514604662,0.0,0.0289201226213199,clear
PHISAT-2_L1_000002522_20250611002004_20250611002007_BD68C8DB,-29.5786,150.7455,Mixed,Medium,Hilly,9.480225391139014,0.0167738328207995,0.0,0.061504053676265,23.005311713726588,29.029913335197094,47.87531450936539,0.0111825552138663,0.0,99.91053955828906,moderate
PHISAT-2_L1_000002526_20250611075921_20250611075924_CA56F03E,20.9518,42.7964,Mountain,Hard,Mountainous,4467.079083168757,0.0,0.0,0.0090060340428086,0.0,0.0,0.0090060340428086,99.9819879319144,0.0,0.0090060340428086,clear
PHISAT-2_L1_000002570_20250616141002_20250616141005_6F06896D,-12.2676,-54.6373,Forest,Easy,Plain,1.776636645055676,0.0628239359195853,0.0094235903879378,0.0188471807758756,56.47871839170724,37.80116224281451,5.6007538872310345,0.0282707711638134,0.0,99.8806345217528,clear
PHISAT-2_L1_000002571_20250616184052_20250616184055_7C909591,36.0935,-115.1767,Urban,Easy,Plain,0.1269954246838247,0.1506650041562759,0.0,80.83177472984207,2.3482959268495427,0.002597672485453,1.839152119700748,14.82751454696592,0.0,4.190045719035743,clear
PHISAT-2_L1_000002594_20250619003107_20250619003110_E13EB785,-26.9066,148.8492,Mixed,Easy,Plain,2.620280047503272,0.0286664373351679,0.0,0.0028666437335167,23.409012727898176,2.68604517830524,73.81320949432406,0.0601995184038527,0.0,99.90826740052748,clear
PHISAT-2_L1_000002599_20250619111423_20250619111429_5ECBCE5F,42.7282,-1.4647,Mountain,Medium,Mountainous,4.634090925527324,0.1558515160102012,0.0023613866062151,1.447529989609899,33.937848304524415,43.31727590441107,20.877018985548315,0.2621139132898838,0.0,98.1321431944838,clear
PHISAT-2_L1_000002641_20250623003936_20250623003939_E0992CEE,-37.7374,144.9646,Urban,Easy,Plain,3.483442742858484,0.8465958204098236,0.1093201810138811,69.13865866680226,18.72934357044796,0.1093201810138811,10.474398739004425,0.5923628413077744,0.0,29.313062490466265,clear
PHISAT-2_L1_000002652_20250624001613_20250624001616_E2F4D04D,-33.4961,151.588,Ocean,Extreme,Plain,0.0,100.0,0.0,0.0,0.0,0.0,0.0,0.0,0.0,0.0,overcast
PHISAT-2_L1_000002662_20250624154950_20250624154953_6B80643E,10.2795,-75.4893,Forest,Easy,Plain,2.097619430542782,21.52979881057826,1.8252562318107048,6.178033658104518,36.76451980260661,0.3732759711501961,32.49715297988106,0.8319625458686576,0.0,69.63494875363786,light
PHISAT-2_L1_000002663_20250624171717_20250624171720_75C1E716,37.1346,-93.3291,Forest,Medium,Plain,3.389809490925061,0.2665368153976268,0.0256285399420794,19.459750378020964,42.105128270842414,4.615700043568518,32.83272251979805,0.6945334324303544,0.0,79.55355083420898,moderate
PHISAT-2_L1_000002668_20250625073101_20250625073104_1BED49C7,25.4915,50.8652,Desert,Medium,Plain,2.27536589090634,19.19795717021647,0.0609366838836979,0.9430677267715164,0.0058034937032093,0.0638384307353026,0.0899541523997446,79.63844234229006,0.0,0.1595960768382566,clear
PHISAT-2_L1_000002671_20250625135834_20250625135837_A1E19629,-10.5764,-50.5266,Mixed,Easy,Plain,0.0,8.396536468208824,0.7995196561749462,0.0,29.379977246871448,1.0839337631146504,60.25470863354822,0.0853242320819112,0.0,90.71861964353432,clear
PHISAT-2_L1_000002693_20250704011544_20250704011557_9AFE2E4F,-29.6771,137.3215,Desert,Medium,Plain,32.12629433190202,0.0,0.0,0.0,0.0055858120374249,0.0,34.61527719592236,65.37913699204022,0.0,34.620863007959784,clear
PHISAT-2_L1_000002735_20250711030501_20250711030504_2480C2BA,37.7641,119.2376,Coastline,Medium,Plain,0.5618555162083487,51.69381686955196,19.14661109558057,0.2287224580040153,0.0584512948232483,3.5706117055071283,2.3761722025972705,22.925614373935804,0.0,6.005235202927647,clear
PHISAT-2_L1_000002741_20250712012634_20250712012637_70AB7185,-32.272,133.6572,Ocean,Hard,Plain,0.0,87.67566392128082,0.2663839734703308,0.0,5.213514909347903,0.3153116420669222,6.298078229905679,0.2310473239283481,0.0,11.826904781320504,clear
PHISAT-2_L1_000002752_20250713101249_20250713101252_94C2A6B6,37.3068,13.5264,Coastline,Easy,Plain,1.7506416901092117,32.87734281111764,0.0051139123986806,5.553708864967144,4.229205553708865,13.344754404357056,43.50405277557596,0.4858216778746579,0.0,61.07801273364188,clear
PHISAT-2_L1_000002759_20250714003824_20250714003827_21530CAE,-19.4504,146.7836,Forest,Easy,Plain,0.0,13.44002909884514,0.0424358158285593,0.9457124670364644,38.531720772331845,0.0272801673183595,46.82489163711315,0.1879300415264769,0.0,85.38389257676334,clear
PHISAT-2_L1_000002763_20250714081754_20250714081757_85FBF85A,29.8366,40.1944,Desert,Medium,Plain,8.259943322766356,0.373675404350251,0.0,5.267707752370329,0.7110987172336866,3.616843279419968,0.139431121026213,89.89124372559955,0.0,4.467373117679866,clear
PHISAT-2_L1_000002775_20250715142230_20250715142233_AFF15F0A,-4.4105,-55.9945,Forest,Easy,Plain,0.6676068756608844,0.7019230769230769,0.0064102564102564,0.0993589743589743,77.01602564102565,0.0,22.10897435897436,0.0673076923076923,0.0,99.125,clear
PHISAT-2_L1_000002803_20250717163956_20250717163959_73912535,21.0104,-86.8616,Coastline,Easy,Plain,1.2529079974983448,24.783169772815945,3.3222292248131806,3.96146574232466,50.03151165931395,0.0480177665736322,16.992287146244113,0.8613186879145285,0.0,67.0718165721317,clear
PHISAT-2_L1_000002807_20250718034143_20250718034146_2BEF4B4C,20.2744,106.1374,Agriculture,Easy,Plain,0.3054941086021546,4.583697717197913,0.0,15.858990983384096,5.0752389855553215,70.01598263019812,3.853924791170351,0.6121648924941949,0.0,78.9451464069238,light
PHISAT-2_L1_000002845_20250721054008_20250721054011_CDD22411,32.235,79.4125,Mountain,Extreme,Mountainous,9.690062961319494,0.0027190907360578,0.0,0.0,0.0,0.0,29.87736900780379,70.11991190146016,0.0,29.87736900780379,heavy
PHISAT-2_L1_000002855_20250722095948_20250722095951_49C4C8B7,37.3921,14.8722,Agriculture,Easy,Plain,1.642103116885287,1.4175883119205128,0.0357589844448417,1.5172026257311435,24.39784424408061,55.403437970933055,17.008505529871524,0.2196623330183137,0.0,96.80978774488518,clear
PHISAT-2_L1_000002889_20250725152342_20250725152345_E532A670,-13.9044,-72.9825,Mountain,Medium,Mountainous,4.62106735918077,0.4587299110625683,0.0,0.3526291153066,17.678264939928226,0.7239819004524887,80.58043376501794,0.2059603682321735,0.0,98.98268060539866,clear
PHISAT-2_L1_000002894_20250726071026_20250726071029_6F8CAD20,-20.4826,48.7205,Ocean,Extreme,Plain,0.0,100.0,0.0,0.0,0.0,0.0,0.0,0.0,0.0,0.0,light
PHISAT-2_L1_000002897_20250727063530_20250727063533_A0C228B3,26.5167,64.02,Desert,Hard,Hilly,18.480104022135407,0.0,0.0,0.0,0.0287637346833112,0.0546510958982914,0.2013461427831789,99.71523902663522,0.0,0.2847609733647817,clear
PHISAT-2_L1_000002905_20250728043735_20250728043738_B6327C2F,29.7988,93.3575,Mountain,Extreme,Mountainous,2.6303213919595456,0.7085867321318976,0.0,0.0753222116833119,47.179601629191545,0.0502148077888746,34.592423143446965,16.356078781454,1.0377726943034091,81.82223958042738,overcast
PHISAT-2_L1_000002915_20250729085817_20250729085820_C3CD7443,30.456,29.703,Desert,Medium,Plain,16.855081418348014,0.0,0.0,0.0,0.0,0.0942115325999612,0.0,99.90578846740004,0.0,0.0942115325999612,clear
PHISAT-2_L1_000002918_20250729135248_20250729135251_853A1F93,-11.4841,-50.4983,Mixed,Easy,Plain,1.2638257071165904,0.2677755725671801,1.0364489808776738,0.0,17.31720379296223,0.0,81.37857165359291,0.0,0.0,98.69577544655516,clear
PHISAT-2_L1_000002920_20250729152758_20250729152801_6DB8CD05,-14.0952,-74.3519,Mountain,Hard,Mountainous,4.143881214221532,0.0592380120970256,0.0,0.0,0.0,0.0,92.12757997131634,7.8131820165866435,0.0,92.12757997131634,light
PHISAT-2_L1_000002946_20250801031418_20250801031421_ABB7A0DE,2.5643,111.3793,Forest,Easy,Plain,0.0,21.828633823623868,0.0,0.3950157363992549,72.33605241184405,0.0128460402081058,5.003532661057229,0.423919326867493,0.0,77.35243111310939,clear
PHISAT-2_L1_000002956_20250802153143_20250802153146_1AB9C8FA,-13.2799,-74.2449,Mountain,Medium,Mountainous,4.5511121190877954,0.018772292096865,0.0,1.0575057881233965,6.004004755647332,12.11125711782742,80.64263813278268,0.1658219135223077,0.0,98.75790000625744,clear
PHISAT-2_L1_000002959_20250803010426_20250803010429_1AD90AE8,-35.0429,138.5921,Forest,Easy,Plain,0.2858053912712066,6.572090330052113,0.0,29.912617781755014,44.309627835974105,0.1131757645944096,18.64241722377217,0.4500710638521871,0.0,63.065220824340685,clear
PHISAT-2_L1_000002961_20250803071627_20250803071630_FD9BF8DC,-12.437,48.9407,Coastline,Extreme,Plain,0.0,46.19659058801368,0.1538316642074529,0.0094182651555583,21.08749568329514,4.304147176090164,28.04445421153424,0.2040624117037641,0.0,53.43609707091954,overcast
PHISAT-2_L1_000002962_20250803084049_20250803084052_DBE61C25,26.0515,32.6898,Mountain,Hard,Mountainous,7.42682389412169,2.388447653429603,0.0577617328519855,3.471480144404332,5.854151624548736,10.194945848375452,0.5371841155234658,77.49602888086643,0.0,16.586281588447655,clear
PHISAT-2_L1_000002971_20250804021511_20250804021514_C235B91D,-30.9193,121.4778,Forest,Easy,Plain,4.6274669045953205,0.0386100386100386,0.0,0.0992829564258135,45.16271373414231,0.0,51.287920573634864,3.411472697186982,0.0,96.45063430777716,clear
PHISAT-2_L1_000002977_20250804144838_20250804144841_2835F55D,-21.6762,-64.9384,Mountain,Extreme,Mountainous,3.546353794304088,0.0806572068707991,0.0,0.0,4.197162061239731,3.4563106796116503,86.4017923823749,5.864077669902913,0.0,94.05526512322628,moderate
PHISAT-2_L1_000003012_20250808034243_20250808034246_A1134B6F,9.5285,106.2923,Coastline,Medium,Plain,0.0,67.03655559430582,0.0063409530452426,0.5358105323230081,15.703370216543547,11.689546938904916,3.8362765923718336,1.1920991725056276,0.0,31.2291937478203,light
PHISAT-2_L1_000003029_20250809143143_20250809143149_32CC3D8E,-29.6656,-61.702,Agriculture,Easy,Plain,3.159816554363017,0.0279329608938547,0.0949720670391061,0.0335195530726257,13.569832402234637,38.48603351955307,47.78770949720671,0.0,0.0,99.8435754189944,clear
PHISAT-2_L1_000003091_20250815084848_20250815084851_112E72A8,36.5969,32.861,Mountain,Medium,Mountainous,0.0,15.784855210860476,0.0,0.5471532545294998,31.49228307438187,3.791359108036959,45.02400247767511,3.360346874516079,0.0,80.30764466009394,clear
PHISAT-2_L1_000003094_20250815134454_20250815134457_51751777,-11.4954,-48.4571,Forest,Easy,Plain,4.708074104912087,0.0724546370967741,0.8663054435483871,0.0,39.55078125,18.66809475806452,40.81401209677419,0.028351814516129,0.0,99.0328881048387,clear
PHISAT-2_L1_000003107_20250817173156_20250817173159_BCFE31AE,29.3005,-98.5566,Mixed,Easy,Plain,2.8105754352701067,0.9727790081578874,0.0,17.490398362815732,34.25191331894256,13.038602786577332,32.37924364329567,1.867062880210816,0.0,79.66975974881555,clear
PHISAT-2_L1_000003110_20250818013518_20250818013521_996E2658,-12.6293,135.7436,Forest,Easy,Plain,8.044931648042741,0.0501897801060259,0.0282317513096395,0.0031368612566266,99.42595439003732,0.0,0.4893503560337526,0.0031368612566266,0.0,99.91530474607109,clear
PHISAT-2_L1_000003122_20250820065818_20250820065821_6C051322,22.5716,59.509,Coastline,Extreme,Plain,0.6138420087601939,38.360840655426266,0.0,5.286748990738542,0.8341249109475185,0.3443362621705058,0.561030634053669,54.6129185466635,0.0,1.7394918071716934,overcast
PHISAT-2_L1_000003128_20250820150554_20250820150557_C96E8619,-35.0869,-71.7849,Mountain,Medium,Mountainous,3.972568185171885,0.6576524438364812,0.0,0.4340506129320776,42.33177250486663,15.570579260272533,40.80601883516599,0.1999263429262903,0.0,98.70837060030516,clear
PHISAT-2_L1_000003130_20250821144238_20250821144241_1A0B459B,-33.4372,-66.365,Mixed,Easy,Hilly,5.682658798100146,0.0026826193094937,0.0,0.2441183571639348,4.353891139308421,3.372052472033694,91.98165088392308,0.0456045282613944,0.0,99.70759449526518,clear
PHISAT-2_L1_000003173_20250825190959_20250825191002_996B8799,38.5852,-121.428,Urban,Easy,Plain,0.2498812530483229,1.8771202412363364,0.0527704485488126,55.36625204171378,27.156677974619924,3.5406458097750977,10.473677597688154,1.5328558864178916,0.0,41.171001382083176,clear
PHISAT-2_L1_000003192_20250829145105_20250829145107_4D1D9C88,-44.1996,-69.617,Desert,Extreme,Hilly,5.302045064428854,0.1083124006176111,0.0,0.0,0.0,0.0,58.11075519092941,41.780932408452976,0.0,58.11075519092941,overcast
PHISAT-2_L1_000003228_20250904103410_20250904103412_1E348DC8,46.9306,11.3064,Mountain,Medium,Mountainous,4.1853162860245705,0.2546596123026937,0.0,0.5290772979736998,32.46690522710808,0.1931900507123883,48.75414370705363,8.842835503062501,8.959188601787007,81.41423898487409,clear
PHISAT-2_L1_000003229_20250904140450_20250904140453_E9556A69,-35.2122,-56.3272,Ocean,Hard,Plain,1.142051881483499,100.0,0.0,0.0,0.0,0.0,0.0,0.0,0.0,0.0,clear
PHISAT-2_L1_000003237_20250905071753_20250905071756_E3F23AC2,-12.5959,49.2266,Mountain,Medium,Mountainous,6.013498809969118,0.1349061931354709,0.0,0.0313735332873188,59.47794440609901,3.407165715002824,36.948610152475375,0.0,0.0,99.8337202735772,clear
PHISAT-2_L1_000003250_20250906131504_20250906131506_9D7ED421,-21.7305,-41.0313,Coastline,Easy,Plain,0.6730250361009983,41.8789380953803,5.811210320422851,2.320303401319915,7.295368351897752,0.0447935019559829,40.50825693552722,2.141129393495984,0.0,47.84841878938096,clear
PHISAT-2_L1_000003251_20250906145556_20250906145559_3183B7A8,-45.6857,-72.1285,Mixed,Easy,Hilly,2.527073170600787,0.8444125044915559,0.0,0.1257635644987423,28.85824649658641,3.725745598275242,65.98769313690262,0.4581386992454186,0.0,98.57168523176428,clear
PHISAT-2_L1_000003300_20250911143313_20250911143315_39835537,-40.8552,-64.9285,Ocean,Hard,Plain,0.0,92.76405368605327,0.0,0.2285547558840692,0.0024314335732347,0.0,4.016728262983855,2.988231861505544,0.0,4.0191596965570895,clear
PHISAT-2_L1_000003310_20250913134400_20250913134403_72CF869A,-30.1876,-51.3292,Coastline,Easy,Plain,1.4198337311878284,40.07280406813572,3.612415594520244,4.862867146469559,14.772001000361245,18.40942562592048,18.09820212854642,0.17228443604635,0.0,51.27962875482814,clear
PHISAT-2_L1_000003332_20250915143517_20250915143520_C2EC0483,-42.8842,-64.9551,Mixed,Easy,Plain,7.812029425484066,2.6121775998115653,0.0,0.2732304793310564,0.002355435166647,0.002355435166647,96.22659286303144,0.8832881874926393,0.0,96.23130373336474,clear
PHISAT-2_L1_000003369_20250919015301_20250919015303_6C58F703,-12.5054,131.1466,Forest,Medium,Plain,3.240242452408557,0.1946074892495056,4.287642424432656,0.386076148027245,82.24363602121849,0.0564989484917919,12.479989955742491,0.3515490128378166,0.0,94.78012492545278,heavy
PHISAT-2_L1_000003370_20250919062552_20250919062554_2ED609EB,27.4579,68.2188,Agriculture,Easy,Plain,0.1880345609023777,4.19911567536728,0.0,4.358864641277991,1.8599343888175728,69.0657538154329,7.896163172158037,12.620168306946228,0.0,78.82185137640852,clear
PHISAT-2_L1_000003386_20250921022809_20250921022812_4D89738D,36.0496,128.3392,Mountain,Extreme,Mountainous,1.978168712490956,3.3059569601829715,0.0,17.90726686765776,59.75673146896767,12.337561077035035,6.274040960598814,0.4184426655577503,0.0,78.36833350660152,heavy
PHISAT-2_L1_000003392_20250921101849_20250921101852_FF6B4C78,41.8447,12.484,Urban,Easy,Plain,1.2353236030679875,0.6992839523912159,0.0047896161122686,41.38946763416912,28.30663122350744,13.022966209258326,16.402040376463827,0.1748209880978039,0.0,57.73163780922958,clear
PHISAT-2_L1_000003396_20250922004455_20250922004458_9A0FA9CE,-19.3244,146.8454,Forest,Easy,Plain,1.3598797223927563,18.38177295067047,0.0485407438869,14.128390267580851,40.5648929069838,0.1365208421819064,23.26315150779686,3.4767307808992176,0.0,63.96456525696257,clear
PHISAT-2_L1_000003412_20250923142458_20250923142500_3E8CEC12,5.7715,-55.1641,Mixed,Easy,Plain,1.197157444643613,9.041770613445916,1.9222158254973456,21.35546600140728,30.422823514360648,0.0,37.1137977355594,0.1439263097294185,0.0,67.53662124992005,light
PHISAT-2_L1_000003423_20250924153444_20250924153446_F8DBD18B,10.6187,-71.5772,Coastline,Medium,Plain,0.0,54.30990899898888,0.0884732052578362,31.92302831142568,5.725480283114257,0.0,7.554979777553084,0.3981294236602629,0.0,13.28046006066734,light
PHISAT-2_L1_000003482_20250930132249_20250930132251_307D1BFE,-23.0604,-43.2139,Ocean,Hard,Plain,0.0,93.5579283622704,0.0059155846076488,2.23904877399509,3.646957910615516,0.0,0.3194415688130379,0.2307077996983051,0.0,3.966399479428554,clear
PHISAT-2_L1_000003498_20251002141312_20251002141314_2F5D462E,-34.7534,-58.3957,Urban,Easy,Plain,5.522696095042993,0.4173269941891178,0.3116745905969361,85.88219756999472,6.9307976756471215,0.3116745905969361,6.003697834125727,0.1426307448494453,0.0,13.246170100369785,clear
PHISAT-2_L1_000003529_20251005160317_20251005160319_D500D244,-5.319,-80.6223,Desert,Medium,Plain,0.4972781383441263,0.3841106238596715,0.0640184373099452,3.697064754649338,2.906437053871515,26.285970359463523,13.405460772702538,53.25693799814346,0.0,42.59786818603757,light
PHISAT-2_L1_000003546_20251007040957_20251007040959_AA381AEB,13.6456,100.5063,Urban,Easy,Plain,1.67372885535561,14.201811933770696,0.3748828491096532,57.494532958450485,22.124336144954704,1.4214308028741018,3.195876288659794,1.1871290221805686,0.0,26.7416432364886,moderate
PHISAT-2_L1_000003580_20251010060418_20251010060420_BA97A868,26.2143,73.0145,Urban,Easy,Plain,2.668516913672216,0.3114905399169358,0.0,34.05053068758653,4.830987540378404,42.3396400553761,14.853484079372404,3.613867097369636,0.0,62.0241116751269,clear
PHISAT-2_L1_000003617_20251015011227_20251015011230_1B10443B,-34.9068,138.5052,Coastline,Easy,Plain,1.5377031020577818,43.31136303717374,0.0500922752438702,44.98286316899552,3.501186395992618,0.0316372264698128,7.078829422620617,1.0440284735038228,0.0,10.611653045083049,clear
PHISAT-2_L1_000003636_20251016112854_20251016112857_C85C81F2,43.0822,-4.0174,Mountain,Medium,Mountainous,0.7689805504133784,5.54551217336182,0.2582583992674853,0.5916465146855117,44.90644002535628,0.4038222243091587,48.29197285939004,0.0023478036297044,0.0,93.60223510905548,clear
PHISAT-2_L1_000003658_20251022042816_20251022042818_4FFCB9D8,19.7039,96.0645,Mixed,Easy,Plain,1.9951019306960704,1.162192427589964,0.0060530855603643,10.804757725250449,31.7242214218698,32.77140522381284,22.983565872703608,0.5478042432129778,0.0,87.47919251838624,clear
PHISAT-2_L1_000003689_20251028144333_20251028144335_77DEBBC4,2.7638,-60.7228,Mixed,Easy,Plain,0.5364070073545484,7.0740479095754925,0.9280071928585192,20.133581658210776,19.176674587373967,0.0545886584034422,51.78215914199473,0.8509408515830711,0.0,71.01342238777214,light
PHISAT-2_L1_000003691_20251028191729_20251028191731_204A5725,37.6379,-122.4956,Coastline,Easy,Plain,0.0,47.33974848531134,0.0254569522936714,23.023267654396413,21.29728628888549,0.0254569522936714,7.871289649203197,0.4174940176162109,0.0,29.19403289038236,clear
PHISAT-2_L1_000003700_20251029143022_20251029143025_6A6DC3AD,-38.9835,-62.3095,Mixed,Easy,Plain,0.352416135857171,20.698185816382622,0.6222200009995502,0.0,0.0,17.204757858963465,42.19351291918636,19.28132340446799,0.0,59.39827077814982,clear
PHISAT-2_L1_000003701_20251029172105_20251029172108_0A47C3A0,29.7075,-95.4346,Urban,Easy,Plain,1.5816385849116257,0.3183112749204221,0.0083766124979058,51.76746523705813,38.010275311330766,0.4662980957167588,8.46875523538281,0.9605182330932036,0.0,46.94532864243033,clear
PHISAT-2_L1_000003707_20251030090435_20251030090438_9C5F128F,31.0267,29.6644,Coastline,Easy,Plain,0.7451487306970165,54.13774104683196,0.8705234159779615,21.62534435261708,1.6280991735537191,7.077134986225896,4.68870523415978,9.97245179063361,0.0,13.393939393939394,clear
PHISAT-2_L1_000003718_20251031053629_20251031053632_70F72DC2,12.7252,77.53,Mixed,Medium,Hilly,1.1008727893982575,1.0630291627469426,0.0,3.83192223267482,28.908748824082785,24.03261210410787,41.80620884289746,0.3574788334901222,0.0,94.74756977108812,moderate
PHISAT-2_L1_000003755_20251104162645_20251104162647_4F13F1CE,42.985,-79.0992,Forest,Easy,Plain,3.871579075278305,4.517448969993416,0.1458000188129056,4.750258677452733,40.67820524880067,22.35913836892108,27.379832565139683,0.1693161508795033,0.0,90.41717618286144,clear
PHISAT-2_L1_000003773_20251106061712_20251106061714_EF025190,22.7882,70.3127,Coastline,Medium,Plain,0.4064113862132186,63.50810634577195,0.0148196449213076,0.0,4.95568926168529,5.441773615104182,2.8009128901271527,23.27869824239011,0.0,13.198375766916625,clear
PHISAT-2_L1_000003779_20251106154349_20251106154351_06A5BEB9,21.5816,-71.9004,Ocean,Hard,Plain,0.0,100.0,0.0,0.0,0.0,0.0,0.0,0.0,0.0,0.0,clear
PHISAT-2_L1_000003804_20251108151122_20251108151124_B259F608,-39.951,-73.1851,Mountain,Medium,Mountainous,0.0,2.7108285277736703,5.1678249297648975,0.1158263098230568,84.55074178126078,0.2020799447976736,7.228054610872887,0.0246438957070333,0.0,91.98087633693136,clear
PHISAT-2_L1_000003810_20251109050433_20251109050435_760C806E,21.4465,88.1506,Ocean,Hard,Plain,0.0,100.0,0.0,0.0,0.0,0.0,0.0,0.0,0.0,0.0,clear
PHISAT-2_L1_000003812_20251109063733_20251109063735_453B70EC,26.9719,64.1264,Desert,Hard,Plateau,4.172281276799825,0.1948144964904741,0.0,2.0999856754046697,1.0170462684429165,5.185503509525856,0.1489757914338919,91.35367425870218,0.0,6.351525569402664,clear
PHISAT-2_L1_000003849_20251117080855_20251117080857_6FDE8BE9,8.9808,38.7431,Mountain,Hard,Mountainous,5.044693515181015,0.009525926396342,0.019051852792684,61.928047502619634,7.96684977614073,18.607309560854794,9.303654780427395,2.1655606007684245,0.0,35.87781411742292,light
PHISAT-2_L1_000003881_20251121045202_20251121045204_10275162,22.2584,91.0867,Coastline,Easy,Plain,1.5385447127099727,27.03362094614698,1.0740850937221065,0.0862838440940196,27.256768818803923,40.43736983040762,3.808390360011901,0.3034811068134483,0.0,71.50252900922344,clear
PHISAT-2_L1_000003904_20251123053709_20251123053712_DCF4C025,21.026,79.047,Agriculture,Medium,Plain,2.6846331875253457,0.4411235145840835,0.0,11.751290361301164,6.628856079702317,56.13371744088344,24.34581682871204,0.6991957748169487,0.0,87.10839034929779,heavy
PHISAT-2_L1_000003927_20251125062045_20251125062048_A5933608,24.9058,68.3216,Agriculture,Easy,Plain,0.9503018126659812,3.1578026592022392,0.0,1.0117797993935151,3.12864473991136,73.66456729647773,6.283531607184512,12.75367389783065,0.0,83.07674364357361,clear
PHISAT-2_L1_000003938_20251126055307_20251126055310_D39C89CB,35.2929,76.4125,Mountain,Hard,Mountainous,1.9976150110624105,1.6215365239294712,0.0,0.0183669185558354,0.6612090680100755,0.257136859781696,17.38035264483627,66.29145675902602,13.769941225860622,18.298698572628044,clear
PHISAT-2_L1_000003959_20251128144656_20251128144658_D7EB4936,-30.7699,-66.5935,Mountain,Medium,Mountainous,12.6056152161463,0.0,0.0,0.2485913158766987,0.6131919124958568,0.0,98.88686333001878,0.251353441608662,0.0,99.50005524251463,clear
PHISAT-2_L1_000003966_20251129044206_20251129044209_CC171CC6,22.1187,91.7375,Ocean,Hard,Plain,0.0,99.92554870603652,0.0,0.0119122070341582,0.0178683105512373,0.0029780517585395,0.0059561035170791,0.0357366211024747,0.0,0.026802465826856,clear
PHISAT-2_L1_000003995_20251202144519_20251202144522_7984098D,-45.0411,-69.4736,Mixed,Extreme,Hilly,4.077543101444867,0.4656550972196983,0.0,0.0272578593494457,0.0022714882791204,0.0068144648373614,82.25740505178993,17.24059603852444,0.0,82.26649100490641,overcast
PHISAT-2_L1_000004002_20251203061104_20251203061107_C040DBEF,21.4412,71.2065,Agriculture,Easy,Plain,6.795004595016038,0.044883303411131,0.0,1.7414721723518851,1.765409934171155,93.64751645721124,2.378815080789946,0.4219030520646319,0.0,97.79174147217236,clear
PHISAT-2_L1_000004011_20251204054538_20251204054540_849FBF99,23.1468,77.3892,Agriculture,Easy,Hilly,2.541963710955076,2.444648083005705,0.0,14.780218156019984,14.71222915250229,42.6793579473233,25.01108516361701,0.3724614975317035,0.0,82.40267226344261,clear
PHISAT-2_L1_000004029_20251206032113_20251206032115_B7C19460,23.105,113.404,Urban,Easy,Plain,0.0,11.108811354228267,0.0,47.72324068598463,33.85866351271437,3.072146658781786,1.7888823181549378,2.448255470136014,0.0,38.719692489651095,clear
PHISAT-2_L1_000004050_20251208022541_20251208022544_90E54F22,43.2129,131.7867,Coastline,Medium,Plain,0.0,74.8143288897219,4.725534756226132,0.0585713281634374,12.972377761638125,2.3194245952721224,5.098048403345594,0.0117142656326874,0.0,20.38985076025584,clear
PHISAT-2_L1_000004052_20251208054011_20251208054014_E16B44E1,21.0012,78.984,Agriculture,Easy,Plain,5.60748250282881,0.741296518607443,0.0,8.31032412965186,8.358343337334933,60.38715486194478,21.11044417767107,1.092436974789916,0.0,89.85594237695078,clear
PHISAT-2_L1_000004090_20251214154815_20251214154818_BDF24F28,3.3369,-75.5869,Mountain,Hard,Mountainous,3.452510540070352,0.022463977407657,0.0,0.0417188151856487,59.94993742177722,0.0,39.98267064599981,0.0032091396296652,0.0,99.93260806777702,light
PHISAT-2_L1_000004093_20251214184911_20251214184913_7FE9BB17,32.8057,-117.1315,Urban,Hard,Plain,3.4071660594459767,1.7103485544447448,0.1215887597946501,56.11996757633072,16.18751688732775,0.0189138070791677,24.5501215887598,1.291542826263172,0.0,40.75655228316671,overcast
PHISAT-2_L1_000004122_20251217130104_20251217130106_AA7CD3EB,-8.0203,-34.9052,Urban,Easy,Plain,1.887199927513312,18.71458585344114,0.3724454065066531,42.4810594002674,33.38638823454511,0.0604825873814222,4.596676640988095,0.3883618768701852,0.0,38.043547462914624,moderate
PHISAT-2_L1_000004129_20251218043652_20251218043654_F2510242,20.2693,92.9577,Coastline,Easy,Plain,0.096607089219684,32.59748484574324,0.0422208148617268,0.3980819686962815,12.250067854881028,48.67456799059079,2.822763050755451,3.214813474471486,0.0,63.74739889622726,clear
PHISAT-2_L1_000004130_20251218061034_20251218061036_B3844A59,22.4355,70.812,Agriculture,Easy,Plain,3.841283325900832,1.622440792797076,0.1366891510415119,1.4976376548896086,1.387692033399697,75.0898879743262,17.5437553858497,2.7218970076961937,0.0,94.0213353935756,clear
PHISAT-2_L1_000004133_20251218092153_20251218092155_8D609769,12.2302,21.3199,Mixed,Easy,Hilly,4567.2163255776,0.0,0.0,0.2262159105190398,2.9376649491014204,9.840392107578232,86.96430815634034,0.0314188764609777,0.0,99.74236521302,clear
PHISAT-2_L1_000004141_20251219011657_20251219011700_8A941E4B,-33.5596,137.9373,Coastline,Easy,Plain,0.2734993126562432,38.5340762966138,1.3984140591513077,0.4661380197171025,3.2388555507929704,31.70274324903557,11.80882983283326,12.85094299185598,0.0,46.75042863266181,clear
PHISAT-2_L1_000004147_20251219135621_20251219135624_57612D8D,-51.8618,-57.9596,Ocean,Extreme,Plain,0.0,100.0,0.0,0.0,0.0,0.0,0.0,0.0,0.0,0.0,moderate
PHISAT-2_L1_000004149_20251219164747_20251219164749_25D67D03,13.3488,-89.1591,Ocean,Hard,Plain,0.0,90.26274632467938,0.0250234594932749,0.1282452299030341,3.540819518298405,3.4970284641851737,2.4116359086643726,0.1345010947763528,0.0,9.44948389114795,clear
PHISAT-2_L1_000004169_20251223151444_20251223151446_41BB5AEB,-18.5155,-70.2648,Desert,Hard,Hilly,5.535648145486218,13.73266270385612,0.0,8.099375095259868,1.633897271757354,1.0150891632373114,2.167352537722908,73.35162322816645,0.0,4.816338972717573,light
PHISAT-2_L1_000004177_20251224145214_20251224145216_61927746,-29.3903,-66.8625,Mixed,Easy,Hilly,5.12493063739266,0.0084028905943644,0.0,14.32972942692286,31.502436838272363,3.691669934457453,49.87675760461599,0.5910033051369671,0.0,85.0708643773458,clear
PHISAT-2_L1_000004181_20251225155028_20251225155030_F4A2407A,10.9547,-74.7766,Urban,Easy,Plain,1.4142619817859068,9.395909607372808,22.5855321297816,34.00138871354627,21.67655599040525,0.5586415856583765,10.958212346925894,0.8237596263098094,0.0,33.19340992298952,clear
PHISAT-2_L1_000004185_20251225185157_20251225185201_2D37C467,37.9739,-115.8454,Mountain,Hard,Mountainous,4111.052787565001,0.0,0.5524301860017231,0.0,39.64573513760073,0.0,46.241954285135066,13.55988039126248,0.0,85.8876894227358,light
PHISAT-2_L1_000004215_20251227151117_20251227151120_EF6D6464,-33.7278,-71.0294,Mountain,Medium,Mountainous,1.5158599270247153,0.2860809582375274,0.0,3.0533126570771616,31.867279824608307,15.459066360087697,48.84498155178868,0.4892786482006309,0.0,96.17132773648468,clear
PHISAT-2_L1_000004233_20251228144845_20251228144848_FCEB9A32,-44.3846,-70.2782,Mixed,Easy,Hilly,2.197799884436991,0.1240552275494498,0.0,0.0,0.009189276114774,0.0,74.08394403730846,25.782811459027315,0.0,74.09313331342322,clear
PHISAT-2_L1_000004265_20260101144248_20260101144251_AAB4EDC2,-51.631,-70.8694,Mixed,Easy,Plain,5.188315769818155,0.1416713225317264,0.0,0.0,0.0,0.0,99.68273605235852,0.1755926251097453,0.0,99.68273605235852,clear
PHISAT-2_L1_000004282_20260103022835_20260103022837_F48AE71E,35.1129,129.0564,Coastline,Medium,Mountainous,0.0,38.560458633566505,0.1788250144637879,34.57108294324935,24.961868195445224,0.4418029769105349,0.738968074475359,0.5469941618892337,0.0,26.14263924683112,clear
PHISAT-2_L1_000004283_20260103024612_20260103024615_DECA1F50,-32.0822,115.8033,Coastline,Easy,Plain,2.06548735831129,28.523956091847573,0.108953231825239,44.72530166426061,14.991964699152888,0.337755018658241,9.454416691635116,1.857652602620325,0.0,24.784136409446244,clear
PHISAT-2_L1_000004314_20260106152645_20260106152647_C3F90BA0,10.0717,-69.3592,Urban,Easy,Hilly,8.821668494195663,0.0031652581268002,0.0,34.08666476751179,18.83328585446144,1.0477004399708796,44.41173677713417,1.617446902794923,0.0,64.29272307156648,light
PHISAT-2_L1_000004328_20260107133542_20260107133544_9592E28B,-23.9697,-46.3573,Coastline,Easy,Plain,0.0953756348275071,39.91246107749251,0.9723283003348804,26.223488631690262,30.76493743023324,0.0176252864109041,1.4129604606074848,0.696198813230715,0.0,32.19552317725163,clear
PHISAT-2_L1_000004331_20260108003924_20260108003926_E3281119,-37.9489,145.0951,Urban,Hard,Plain,0.1774559584446236,14.267244657388394,0.4968692169239739,54.62519329733566,18.196567546327984,0.385327147818592,11.575024716708494,0.4537734174968945,0.0,30.15691941085507,overcast
PHISAT-2_L1_000004332_20260108033224_20260108033226_D064A8B2,21.2663,110.4375,Coastline,Easy,Plain,0.7703700409543456,28.973306569999103,0.0988645555588843,24.767069115312022,19.1497648221936,11.68399292968633,12.630695946553224,2.696306060696845,0.0,43.46445369843315,clear
PHISAT-2_L1_000004333_20260108050631_20260108050633_4FE2DD59,21.7277,87.9243,Ocean,Hard,Plain,0.0,89.81066714447829,0.0029863226422982,0.0298632264229827,3.924027951979932,3.744848593442036,0.7883891775667442,1.699217583467718,0.0,8.457265722988712,clear
PHISAT-2_L1_000004335_20260108081151_20260108081153_4AB399DB,34.24,42.4534,Coastline,Medium,Plain,0.8372264332819034,22.18560646327203,0.0,0.3162538535133411,0.2737323269905389,2.84096949080472,0.725523546295312,73.65791431912405,0.0,3.840225364090571,clear
PHISAT-2_L1_000004340_20260108173946_20260108173949_1EC27518,25.7618,-100.291,Urban,Medium,Hilly,5.1497338966256,0.1273959117493775,0.0,74.22259540216572,8.095431119346806,0.7267357692975852,14.80108865597313,2.026753141467369,0.0,23.62325554461752,moderate
PHISAT-2_L1_000004345_20260111022956_20260111022958_296DE3AD,-34.9649,117.8643,Forest,Medium,Plain,0.7778352560451828,11.947730326422004,0.368838422425376,6.38880838843955,38.89928076507627,1.6808493821956425,40.49845878230629,0.2160339331348631,0.0,81.0785889295782,moderate
PHISAT-2_L1_000004346_20260111034929_20260111034931_807FEFCB,20.9398,106.7141,Mixed,Easy,Plain,1.0991277791958494,20.750015012310094,0.0360295442262655,19.50399327448508,24.45205068155888,23.32612742448808,9.127484537320605,2.804299525611001,0.0,56.90566264336757,clear
PHISAT-2_L1_000004351_20260111113534_20260111113537_B6B40765,41.0564,-5.6794,Agriculture,Extreme,Plateau,4.934427525052932,0.2908808842778882,0.0,5.468560624424298,4.489261647355408,76.45076841033597,13.26174431570272,0.0387841179037184,0.0,94.2017743733941,overcast
PHISAT-2_L1_000004356_20260112014539_20260112014542_8C96F6E8,35.5518,139.7414,Coastline,Easy,Plain,0.637109082809559,35.002877020453,0.0653868284772715,58.141967881989856,3.55181252288539,0.4577077993409008,2.285923523565413,0.4943244232881728,0.0,6.295443845791704,clear
PHISAT-2_L1_000004357_20260112045750_20260112045753_E6E3FECD,22.0226,88.2432,Coastline,Easy,Plain,2.4241967675445486,23.863026762830064,0.0059605412171425,0.3427311199856947,20.32544555045598,53.764081778625496,0.8046730643142397,0.8940811825713775,0.0,74.89420039339572,clear
PHISAT-2_L1_000004371_20260112190245_20260112190248_AF979433,35.3711,-119.1001,Urban,Easy,Plain,2.345205424354522,0.1572780413641248,0.0,56.98445568691185,5.1534771553644925,10.081522451440405,13.051456132532962,14.57181053238617,0.0,28.28645573933786,clear
PHISAT-2_L1_000004388_20260114011153_20260114011155_D19124D6,-32.4008,137.841,Mixed,Easy,Plain,8.536697378084808,0.2660007600021714,0.1004288583681667,0.1004288583681667,5.425872645350415,0.2062863036751533,88.24710927745508,5.653873296780848,0.0,93.87926822648063,clear
PHISAT-2_L1_000004423_20260117072956_20260117072959_E7937DF5,27.8204,52.1651,Mountain,Hard,Mountainous,6.439149756900896,9.663937222790857,0.0,3.008074604799272,0.1222563402706698,0.0227453656317525,10.150119413169566,77.03286705333788,0.0,10.295121119071988,clear
PHISAT-2_L1_000004428_20260117140331_20260117140334_9141B10B,-34.9823,-54.9299,Ocean,Hard,Plain,0.0,85.08929041774219,1.8411210030026868,5.639256176579044,4.332824105778855,0.018437549386293,2.628667755360059,0.4504029921508718,0.0,6.979929410525207,clear
PHISAT-2_L1_000004448_20260119081408_20260119081410_5A535B6D,21.306,39.7922,Desert,Hard,Hilly,11.711033135533452,0.0,0.0,11.851208481835334,0.9104794992362754,0.2815298451585851,1.081194405343077,85.87558776842673,0.0,2.2732037497379376,clear
PHISAT-2_L1_000004452_20260119144506_20260119144509_D771926B,-31.6431,-64.2017,Agriculture,Easy,Plain,7.947607765567731,0.0082104053203426,0.0,0.5884123812912231,3.500369468239416,91.88538274172802,3.9218369413503376,0.0957880620706642,0.0,99.30758915131776,clear
PHISAT-2_L1_000004477_20260123143915_20260123143917_613DB64D,-45.7769,-67.578,Mixed,Easy,Hilly,8.97687481288728,0.0089684087800721,0.0,4.656846259052488,0.8363041187417323,0.0067263065850541,83.37257012174615,11.118584785094503,0.0,84.21560054707294,clear
PHISAT-2_L1_000004495_20260125053643_20260125053645_9ACF0BFC,26.479,80.3402,Urban,Easy,Plain,0.9720949399444608,3.306189393721405,0.0546715391476994,38.93476822144851,19.63283745288177,28.79751388369349,8.612206140477081,0.6618133686300464,0.0,57.04255747705234,clear
PHISAT-2_L1_000004521_20260127171741_20260127171743_FF058C37,29.8954,-95.3844,Urban,Easy,Plain,0.7941792699955249,0.2842571691330156,0.0,39.85731404843519,44.38870774461444,0.6883482429005379,12.54354429674219,2.237828498174624,0.0,57.62060028425717,clear
PHISAT-2_L1_000004551_20260131141318_20260131141320_A3B4491B,-26.1042,-56.5187,Mixed,Easy,Plain,1.704838702047792,0.5773338721782807,0.9410542116505975,0.3175336296980544,21.777033658564747,4.347324057502454,71.85786040066971,0.1818601697361584,0.0,97.9822181167369,clear
PHISAT-2_L1_000004558_20260202161528_20260202161530_FD7FF2B8,26.545,-80.4875,Agriculture,Easy,Plain,2.99832265364346,0.2128149085471068,42.14885540089728,0.1150350857011388,4.840101230875417,45.42735534337973,7.040147244909697,0.2156907856896353,0.0,57.30760381916485,clear
PHISAT-2_L1_000004608_20260209070208_20260209070211_8CB2982E,-4.8253,55.4675,Ocean,Extreme,Plain,0.0,91.09488115830612,0.0,0.0608623230187712,8.684092510730988,0.0,0.147350887308604,0.0128131206355307,0.0,8.831443398039593,light
